<?xml version="1.0" encoding="UTF-8"?>
<export version="D">
  <design>
    <source>/home/zorro/impressora3d/impressora3d_v2.sch</source>
    <date>qui 13 mai 2021 15:23:04</date>
    <tool>Eeschema 5.1.10-88a1d61d58~88~ubuntu20.04.1</tool>
    <sheet number="1" name="/" tstamps="/">
      <title_block>
        <title>Placa Impressora 3D</title>
        <company>IPS - Escola Superior de Tecnologia</company>
        <rev/>
        <date/>
        <source>impressora3d_v2.sch</source>
        <comment number="1" value=""/>
        <comment number="2" value=""/>
        <comment number="3" value=""/>
        <comment number="4" value=""/>
      </title_block>
    </sheet>
  </design>
  <components>
    <comp ref="R3">
      <value>49.9</value>
      <datasheet>~</datasheet>
      <libsource lib="Device" part="R_US" description="Resistor, US symbol"/>
      <sheetpath names="/" tstamps="/"/>
      <tstamp>60964FA4</tstamp>
    </comp>
    <comp ref="IC1">
      <value>INA118P</value>
      <footprint>ina118p:DIP794W53P254L959H508Q8N</footprint>
      <datasheet>http://www.ti.com/lit/ds/symlink/ina118.pdf</datasheet>
      <fields>
        <field name="Arrow Part Number">INA118P</field>
        <field name="Arrow Price/Stock">https://www.arrow.com/en/products/ina118p/texas-instruments</field>
        <field name="Description">INA118P, Instrumentation Amplifier, 73dB CMRR, 8-Pin PDIP</field>
        <field name="Height">5.08</field>
        <field name="Manufacturer_Name">Texas Instruments</field>
        <field name="Manufacturer_Part_Number">INA118P</field>
        <field name="Mouser Part Number">595-INA118P</field>
        <field name="Mouser Price/Stock">https://www.mouser.co.uk/ProductDetail/Texas-Instruments/INA118P/?qs=VBduBm9rCJTJMgcSbr%252BM%252BQ%3D%3D</field>
      </fields>
      <libsource lib="INA118P" part="INA118P" description="INA118P, Instrumentation Amplifier, 73dB CMRR, 8-Pin PDIP"/>
      <sheetpath names="/" tstamps="/"/>
      <tstamp>609515F2</tstamp>
    </comp>
    <comp ref="R2">
      <value>1k</value>
      <datasheet>~</datasheet>
      <libsource lib="Device" part="R_US" description="Resistor, US symbol"/>
      <sheetpath names="/" tstamps="/"/>
      <tstamp>60956E3E</tstamp>
    </comp>
    <comp ref="R1">
      <value>4k</value>
      <datasheet>~</datasheet>
      <libsource lib="Device" part="R_US" description="Resistor, US symbol"/>
      <sheetpath names="/" tstamps="/"/>
      <tstamp>60957B67</tstamp>
    </comp>
    <comp ref="R13">
      <value>1k</value>
      <datasheet>~</datasheet>
      <libsource lib="Device" part="R_US" description="Resistor, US symbol"/>
      <sheetpath names="/" tstamps="/"/>
      <tstamp>609581C3</tstamp>
    </comp>
    <comp ref="R12">
      <value>37,46k</value>
      <datasheet>~</datasheet>
      <libsource lib="Device" part="R_US" description="Resistor, US symbol"/>
      <sheetpath names="/" tstamps="/"/>
      <tstamp>60958741</tstamp>
    </comp>
    <comp ref="R19">
      <value>1k</value>
      <datasheet>~</datasheet>
      <libsource lib="Device" part="R_US" description="Resistor, US symbol"/>
      <sheetpath names="/" tstamps="/"/>
      <tstamp>60958BB4</tstamp>
    </comp>
    <comp ref="R18">
      <value>1,33k</value>
      <datasheet>~</datasheet>
      <libsource lib="Device" part="R_US" description="Resistor, US symbol"/>
      <sheetpath names="/" tstamps="/"/>
      <tstamp>6095957E</tstamp>
    </comp>
    <comp ref="IC2">
      <value>LM324N</value>
      <footprint>lm324n:DIP794W56P254L1905H533Q14N</footprint>
      <datasheet>http://www.ti.com/lit/ds/symlink/lm324-n.pdf</datasheet>
      <fields>
        <field name="Arrow Part Number">LM324N</field>
        <field name="Arrow Price/Stock">https://www.arrow.com/en/products/lm324n/texas-instruments</field>
        <field name="Description">OP Amp Quad GP 16V/32V 14-Pin PDIP Texas Instruments LM324N, Quad Op Amp, 1.2MHz, 5-28 V, 14-Pin PDIP</field>
        <field name="Height">5.334</field>
        <field name="Manufacturer_Name">Texas Instruments</field>
        <field name="Manufacturer_Part_Number">LM324N</field>
        <field name="Mouser Part Number">595-LM324N</field>
        <field name="Mouser Price/Stock">https://www.mouser.co.uk/ProductDetail/Texas-Instruments/LM324N/?qs=VolsR0DjNPqtt3qB38bTqw%3D%3D</field>
      </fields>
      <libsource lib="LM324N" part="LM324N" description="OP Amp Quad GP 16V/32V 14-Pin PDIP Texas Instruments LM324N, Quad Op Amp, 1.2MHz, 5-28 V, 14-Pin PDIP"/>
      <sheetpath names="/" tstamps="/"/>
      <tstamp>60962B84</tstamp>
    </comp>
    <comp ref="J3">
      <value>Screw_Terminal_01x03</value>
      <datasheet>~</datasheet>
      <libsource lib="Connector" part="Screw_Terminal_01x03" description="Generic screw terminal, single row, 01x03, script generated (kicad-library-utils/schlib/autogen/connector/)"/>
      <sheetpath names="/" tstamps="/"/>
      <tstamp>6095F0FE</tstamp>
    </comp>
    <comp ref="IC3">
      <value>LM324N</value>
      <footprint>lm324n:DIP794W56P254L1905H533Q14N</footprint>
      <datasheet>http://www.ti.com/lit/ds/symlink/lm324-n.pdf</datasheet>
      <fields>
        <field name="Arrow Part Number">LM324N</field>
        <field name="Arrow Price/Stock">https://www.arrow.com/en/products/lm324n/texas-instruments</field>
        <field name="Description">OP Amp Quad GP 16V/32V 14-Pin PDIP Texas Instruments LM324N, Quad Op Amp, 1.2MHz, 5-28 V, 14-Pin PDIP</field>
        <field name="Height">5.334</field>
        <field name="Manufacturer_Name">Texas Instruments</field>
        <field name="Manufacturer_Part_Number">LM324N</field>
        <field name="Mouser Part Number">595-LM324N</field>
        <field name="Mouser Price/Stock">https://www.mouser.co.uk/ProductDetail/Texas-Instruments/LM324N/?qs=VolsR0DjNPqtt3qB38bTqw%3D%3D</field>
      </fields>
      <libsource lib="LM324N" part="LM324N" description="OP Amp Quad GP 16V/32V 14-Pin PDIP Texas Instruments LM324N, Quad Op Amp, 1.2MHz, 5-28 V, 14-Pin PDIP"/>
      <sheetpath names="/" tstamps="/"/>
      <tstamp>60969AB9</tstamp>
    </comp>
    <comp ref="J2">
      <value>Screw_Terminal_01x03</value>
      <datasheet>~</datasheet>
      <libsource lib="Connector" part="Screw_Terminal_01x03" description="Generic screw terminal, single row, 01x03, script generated (kicad-library-utils/schlib/autogen/connector/)"/>
      <sheetpath names="/" tstamps="/"/>
      <tstamp>6095CECA</tstamp>
    </comp>
    <comp ref="z1">
      <value>1N3825</value>
      <footprint>Diode_THT:D_DO-41_SOD81_P10.16mm_Horizontal</footprint>
      <datasheet>https://www.vishay.com/docs/85816/1n4728a.pdf</datasheet>
      <libsource lib="Diode" part="1N47xxA" description="1300mW Silicon planar power Zener diodes, DO-41"/>
      <sheetpath names="/" tstamps="/"/>
      <tstamp>60991C26</tstamp>
    </comp>
    <comp ref="z2">
      <value>1N3825</value>
      <footprint>Diode_THT:D_DO-41_SOD81_P10.16mm_Horizontal</footprint>
      <datasheet>https://www.vishay.com/docs/85816/1n4728a.pdf</datasheet>
      <libsource lib="Diode" part="1N47xxA" description="1300mW Silicon planar power Zener diodes, DO-41"/>
      <sheetpath names="/" tstamps="/"/>
      <tstamp>609934F4</tstamp>
    </comp>
    <comp ref="RV1">
      <value>10k</value>
      <datasheet>~</datasheet>
      <libsource lib="Device" part="R_POT_US" description="Potentiometer, US symbol"/>
      <sheetpath names="/" tstamps="/"/>
      <tstamp>60998B12</tstamp>
    </comp>
    <comp ref="RV2">
      <value>10k</value>
      <datasheet>~</datasheet>
      <libsource lib="Device" part="R_POT_US" description="Potentiometer, US symbol"/>
      <sheetpath names="/" tstamps="/"/>
      <tstamp>609993DF</tstamp>
    </comp>
    <comp ref="J4">
      <value>Screw_Terminal_01x03</value>
      <datasheet>~</datasheet>
      <libsource lib="Connector" part="Screw_Terminal_01x03" description="Generic screw terminal, single row, 01x03, script generated (kicad-library-utils/schlib/autogen/connector/)"/>
      <sheetpath names="/" tstamps="/"/>
      <tstamp>609E657E</tstamp>
    </comp>
    <comp ref="J1">
      <value>Screw_Terminal_01x03</value>
      <datasheet>~</datasheet>
      <libsource lib="Connector" part="Screw_Terminal_01x03" description="Generic screw terminal, single row, 01x03, script generated (kicad-library-utils/schlib/autogen/connector/)"/>
      <sheetpath names="/" tstamps="/"/>
      <tstamp>60A1E84C</tstamp>
    </comp>
  </components>
  <libparts>
    <libpart lib="Connector" part="Screw_Terminal_01x03">
      <description>Generic screw terminal, single row, 01x03, script generated (kicad-library-utils/schlib/autogen/connector/)</description>
      <docs>~</docs>
      <footprints>
        <fp>TerminalBlock*:*</fp>
      </footprints>
      <fields>
        <field name="Reference">J</field>
        <field name="Value">Screw_Terminal_01x03</field>
      </fields>
      <pins>
        <pin num="1" name="Pin_1" type="passive"/>
        <pin num="2" name="Pin_2" type="passive"/>
        <pin num="3" name="Pin_3" type="passive"/>
      </pins>
    </libpart>
    <libpart lib="Device" part="R_POT_US">
      <description>Potentiometer, US symbol</description>
      <docs>~</docs>
      <footprints>
        <fp>Potentiometer*</fp>
      </footprints>
      <fields>
        <field name="Reference">RV</field>
        <field name="Value">R_POT_US</field>
      </fields>
      <pins>
        <pin num="1" name="1" type="passive"/>
        <pin num="2" name="2" type="passive"/>
        <pin num="3" name="3" type="passive"/>
      </pins>
    </libpart>
    <libpart lib="Device" part="R_US">
      <description>Resistor, US symbol</description>
      <docs>~</docs>
      <footprints>
        <fp>R_*</fp>
      </footprints>
      <fields>
        <field name="Reference">R</field>
        <field name="Value">R_US</field>
      </fields>
      <pins>
        <pin num="1" name="~" type="passive"/>
        <pin num="2" name="~" type="passive"/>
      </pins>
    </libpart>
    <libpart lib="Diode" part="ZPYxx">
      <aliases>
        <alias>1N47xxA</alias>
        <alias>ZYxxx</alias>
      </aliases>
      <description>1300mW Zener Diode, DO-41</description>
      <docs>http://www.vishay.com/docs/85790/zpy3v9.pdf</docs>
      <footprints>
        <fp>D*DO?41*</fp>
      </footprints>
      <fields>
        <field name="Reference">D</field>
        <field name="Value">ZPYxx</field>
        <field name="Footprint">Diode_THT:D_DO-41_SOD81_P10.16mm_Horizontal</field>
      </fields>
      <pins>
        <pin num="1" name="K" type="passive"/>
        <pin num="2" name="A" type="passive"/>
      </pins>
    </libpart>
    <libpart lib="INA118P" part="INA118P">
      <description>INA118P, Instrumentation Amplifier, 73dB CMRR, 8-Pin PDIP</description>
      <docs>http://www.ti.com/lit/ds/symlink/ina118.pdf</docs>
      <fields>
        <field name="Reference">IC</field>
        <field name="Value">INA118P</field>
        <field name="Footprint">DIP794W53P254L959H508Q8N</field>
        <field name="Datasheet">http://www.ti.com/lit/ds/symlink/ina118.pdf</field>
        <field name="Description">INA118P, Instrumentation Amplifier, 73dB CMRR, 8-Pin PDIP</field>
        <field name="Height">5.08</field>
        <field name="Manufacturer_Name">Texas Instruments</field>
        <field name="Manufacturer_Part_Number">INA118P</field>
        <field name="Mouser Part Number">595-INA118P</field>
        <field name="Mouser Price/Stock">https://www.mouser.co.uk/ProductDetail/Texas-Instruments/INA118P/?qs=VBduBm9rCJTJMgcSbr%252BM%252BQ%3D%3D</field>
        <field name="Arrow Part Number">INA118P</field>
        <field name="Arrow Price/Stock">https://www.arrow.com/en/products/ina118p/texas-instruments</field>
      </fields>
      <pins>
        <pin num="1" name="RG_1" type="passive"/>
        <pin num="2" name="V-IN" type="passive"/>
        <pin num="3" name="V+IN" type="passive"/>
        <pin num="4" name="V-" type="passive"/>
        <pin num="5" name="REF" type="passive"/>
        <pin num="6" name="VO" type="passive"/>
        <pin num="7" name="V+" type="passive"/>
        <pin num="8" name="RG_2" type="passive"/>
      </pins>
    </libpart>
    <libpart lib="LM324N" part="LM324N">
      <description>OP Amp Quad GP 16V/32V 14-Pin PDIP Texas Instruments LM324N, Quad Op Amp, 1.2MHz, 5-28 V, 14-Pin PDIP</description>
      <docs>http://www.ti.com/lit/ds/symlink/lm324-n.pdf</docs>
      <fields>
        <field name="Reference">IC</field>
        <field name="Value">LM324N</field>
        <field name="Footprint">DIP794W56P254L1905H533Q14N</field>
        <field name="Datasheet">http://www.ti.com/lit/ds/symlink/lm324-n.pdf</field>
        <field name="Description">OP Amp Quad GP 16V/32V 14-Pin PDIP Texas Instruments LM324N, Quad Op Amp, 1.2MHz, 5-28 V, 14-Pin PDIP</field>
        <field name="Height">5.334</field>
        <field name="Manufacturer_Name">Texas Instruments</field>
        <field name="Manufacturer_Part_Number">LM324N</field>
        <field name="Mouser Part Number">595-LM324N</field>
        <field name="Mouser Price/Stock">https://www.mouser.co.uk/ProductDetail/Texas-Instruments/LM324N/?qs=VolsR0DjNPqtt3qB38bTqw%3D%3D</field>
        <field name="Arrow Part Number">LM324N</field>
        <field name="Arrow Price/Stock">https://www.arrow.com/en/products/lm324n/texas-instruments</field>
      </fields>
      <pins>
        <pin num="1" name="OUTPUT_1" type="passive"/>
        <pin num="2" name="INPUT_1-" type="passive"/>
        <pin num="3" name="INPUT_1+" type="passive"/>
        <pin num="4" name="V+" type="passive"/>
        <pin num="5" name="INPUT_2+" type="passive"/>
        <pin num="6" name="INPUT_2-" type="passive"/>
        <pin num="7" name="OUTPUT_2" type="passive"/>
        <pin num="8" name="OUTPUT_3" type="passive"/>
        <pin num="9" name="INPUT_3-" type="passive"/>
        <pin num="10" name="INPUT_3+" type="passive"/>
        <pin num="11" name="GND" type="passive"/>
        <pin num="12" name="INPUT_4+" type="passive"/>
        <pin num="13" name="INPUT_4-" type="passive"/>
        <pin num="14" name="OUTPUT_4" type="passive"/>
      </pins>
    </libpart>
  </libparts>
  <libraries>
    <library logical="Connector">
      <uri>/usr/share/kicad/library/Connector.lib</uri>
    </library>
    <library logical="Device">
      <uri>/usr/share/kicad/library/Device.lib</uri>
    </library>
    <library logical="Diode">
      <uri>/usr/share/kicad/library/Diode.lib</uri>
    </library>
    <library logical="INA118P">
      <uri>/home/zorro/Transferências/KiCad/ina118p/INA118P.lib</uri>
    </library>
    <library logical="LM324N">
      <uri>/home/zorro/Transferências/KiCad/lm324n/LM324N.lib</uri>
    </library>
  </libraries>
  <nets>
    <net code="1" name="Net-(IC2-Pad1)">
      <node ref="IC2" pin="1"/>
      <node ref="J3" pin="2"/>
      <node ref="IC3" pin="5"/>
      <node ref="R1" pin="1"/>
      <node ref="R19" pin="1"/>
      <node ref="R13" pin="1"/>
    </net>
    <net code="2" name="Net-(IC2-Pad2)">
      <node ref="R2" pin="1"/>
      <node ref="IC2" pin="2"/>
    </net>
    <net code="3" name="Net-(IC2-Pad10)">
      <node ref="RV1" pin="2"/>
      <node ref="IC2" pin="10"/>
    </net>
    <net code="4" name="Net-(J4-Pad1)">
      <node ref="J4" pin="1"/>
    </net>
    <net code="5" name="Net-(IC2-Pad7)">
      <node ref="J4" pin="3"/>
      <node ref="IC2" pin="7"/>
      <node ref="z1" pin="1"/>
      <node ref="R13" pin="2"/>
      <node ref="R12" pin="1"/>
    </net>
    <net code="6" name="Net-(R18-Pad1)">
      <node ref="R19" pin="2"/>
      <node ref="R18" pin="1"/>
    </net>
    <net code="7" name="Net-(IC3-Pad7)">
      <node ref="IC3" pin="7"/>
      <node ref="R18" pin="2"/>
      <node ref="J4" pin="2"/>
      <node ref="z2" pin="1"/>
    </net>
    <net code="8" name="Net-(IC1-Pad3)">
      <node ref="J1" pin="3"/>
      <node ref="IC1" pin="3"/>
    </net>
    <net code="9" name="Net-(J1-Pad1)">
      <node ref="J1" pin="1"/>
    </net>
    <net code="10" name="Net-(IC1-Pad2)">
      <node ref="IC1" pin="2"/>
      <node ref="J1" pin="2"/>
    </net>
    <net code="11" name="Net-(IC2-Pad6)">
      <node ref="R12" pin="2"/>
      <node ref="IC2" pin="6"/>
    </net>
    <net code="12" name="Net-(IC2-Pad5)">
      <node ref="IC2" pin="8"/>
      <node ref="IC2" pin="9"/>
      <node ref="IC2" pin="5"/>
    </net>
    <net code="13" name="Net-(IC3-Pad1)">
      <node ref="IC3" pin="6"/>
      <node ref="IC3" pin="2"/>
      <node ref="IC3" pin="1"/>
    </net>
    <net code="14" name="Net-(IC2-Pad14)">
      <node ref="IC2" pin="14"/>
    </net>
    <net code="15" name="Net-(IC2-Pad13)">
      <node ref="IC2" pin="13"/>
    </net>
    <net code="16" name="Net-(IC2-Pad12)">
      <node ref="IC2" pin="12"/>
    </net>
    <net code="17" name="Net-(J3-Pad1)">
      <node ref="J3" pin="1"/>
    </net>
    <net code="18" name="Net-(IC3-Pad3)">
      <node ref="IC3" pin="3"/>
      <node ref="RV2" pin="2"/>
    </net>
    <net code="19" name="Net-(IC3-Pad14)">
      <node ref="IC3" pin="14"/>
    </net>
    <net code="20" name="Net-(IC3-Pad13)">
      <node ref="IC3" pin="13"/>
    </net>
    <net code="21" name="Net-(IC1-Pad1)">
      <node ref="IC1" pin="1"/>
      <node ref="R3" pin="2"/>
    </net>
    <net code="22" name="Net-(IC1-Pad7)">
      <node ref="RV1" pin="1"/>
      <node ref="IC1" pin="7"/>
      <node ref="J2" pin="1"/>
      <node ref="IC2" pin="4"/>
      <node ref="RV2" pin="1"/>
      <node ref="IC3" pin="4"/>
    </net>
    <net code="23" name="Net-(IC1-Pad6)">
      <node ref="IC1" pin="6"/>
      <node ref="J3" pin="3"/>
      <node ref="IC2" pin="3"/>
    </net>
    <net code="24" name="Net-(IC1-Pad4)">
      <node ref="R1" pin="2"/>
      <node ref="J2" pin="2"/>
      <node ref="IC3" pin="11"/>
      <node ref="RV2" pin="3"/>
      <node ref="R2" pin="2"/>
      <node ref="IC1" pin="5"/>
      <node ref="z1" pin="2"/>
      <node ref="z2" pin="2"/>
      <node ref="IC1" pin="4"/>
      <node ref="RV1" pin="3"/>
      <node ref="IC2" pin="11"/>
    </net>
    <net code="25" name="Net-(IC1-Pad8)">
      <node ref="R3" pin="1"/>
      <node ref="IC1" pin="8"/>
    </net>
    <net code="26" name="Net-(IC3-Pad12)">
      <node ref="IC3" pin="12"/>
    </net>
    <net code="27" name="Net-(IC3-Pad10)">
      <node ref="IC3" pin="10"/>
    </net>
    <net code="28" name="Net-(IC3-Pad9)">
      <node ref="IC3" pin="9"/>
    </net>
    <net code="29" name="Net-(IC3-Pad8)">
      <node ref="IC3" pin="8"/>
    </net>
    <net code="30" name="Net-(J2-Pad3)">
      <node ref="J2" pin="3"/>
    </net>
  </nets>
</export>
